time_ms,x_cm,y_cm,theta_rad,imu_yaw_deg
814303,0.000,0.000,-0.0000,-0.00
814323,0.000,0.000,-0.0000,-0.00
814343,0.016,0.000,0.0020,-0.00
814363,0.048,0.000,0.0021,-0.00
814383,0.097,0.000,0.0003,0.02
814403,0.161,0.000,-0.0052,0.00
814423,0.177,-0.000,-0.0078,-0.09
814443,0.209,-0.000,-0.0076,-0.10
814463,0.226,-0.000,-0.0103,-0.11
814483,0.258,-0.001,-0.0110,-0.20
814503,0.290,-0.001,-0.0105,-0.19
814523,0.306,-0.001,-0.0088,-0.17
814543,0.338,-0.002,-0.0089,-0.18
814563,0.354,-0.002,-0.0116,-0.22
814583,0.371,-0.002,-0.0150,-0.31
814632,0.435,-0.003,-0.0147,-0.32
814643,0.435,-0.003,-0.0141,-0.28
814663,0.451,-0.003,-0.0120,-0.23
814683,0.483,-0.004,-0.0125,-0.27
814703,0.499,-0.004,-0.0159,-0.37
814724,0.548,-0.005,-0.0186,-0.49
814743,0.580,-0.005,-0.0187,-0.49
814763,0.628,-0.006,-0.0168,-0.51
814783,0.677,-0.007,-0.0196,-0.56
814803,0.709,-0.007,-0.0196,-0.58
814823,0.741,-0.008,-0.0206,-0.63
814843,0.789,-0.009,-0.0236,-0.70
814863,0.838,-0.010,-0.0268,-0.81
814883,0.870,-0.011,-0.0271,-0.86
814903,0.934,-0.013,-0.0274,-0.87
814923,0.983,-0.014,-0.0308,-0.98
814943,1.015,-0.015,-0.0315,-1.06
814963,1.095,-0.018,-0.0350,-1.14
814983,1.160,-0.020,-0.0361,-1.28
815003,1.240,-0.023,-0.0388,-1.35
815023,1.289,-0.025,-0.0421,-1.44
815043,1.369,-0.029,-0.0446,-1.51
815063,1.449,-0.032,-0.0436,-1.56
815083,1.514,-0.035,-0.0434,-1.61
815104,1.594,-0.039,-0.0462,-1.63
815123,1.659,-0.041,-0.0465,-1.68
815151,1.739,-0.045,-0.0488,-1.71
815163,1.836,-0.050,-0.0491,-1.73
815183,1.916,-0.054,-0.0463,-1.70
815203,1.981,-0.057,-0.0463,-1.65
815224,2.077,-0.061,-0.0469,-1.69
815243,2.174,-0.066,-0.0469,-1.72
815263,2.238,-0.069,-0.0471,-1.73
815283,2.319,-0.073,-0.0501,-1.77
815305,2.415,-0.078,-0.0506,-1.84
815323,2.496,-0.082,-0.0492,-1.89
815343,2.576,-0.086,-0.0519,-1.95
815363,2.672,-0.091,-0.0529,-2.04
815383,2.769,-0.096,-0.0582,-2.14
815403,2.849,-0.101,-0.0567,-2.22
815423,2.962,-0.107,-0.0550,-2.26
815443,3.075,-0.113,-0.0581,-2.31
815463,3.171,-0.119,-0.0590,-2.40
815484,3.284,-0.126,-0.0620,-2.52
815503,3.396,-0.133,-0.0647,-2.61
815523,3.477,-0.138,-0.0678,-2.66
815543,3.573,-0.145,-0.0693,-2.76
815563,3.686,-0.152,-0.0728,-2.90
815583,3.798,-0.161,-0.0767,-3.05
815604,3.910,-0.170,-0.0811,-3.28
815623,4.039,-0.180,-0.0874,-3.46
815643,4.151,-0.190,-0.0916,-3.66
815663,4.280,-0.202,-0.0928,-3.82
815683,4.424,-0.216,-0.0959,-3.92
815703,4.536,-0.226,-0.0992,-4.02
815724,4.648,-0.238,-0.1023,-4.15
815743,4.761,-0.249,-0.1055,-4.24
815763,4.889,-0.263,-0.1064,-4.32
815783,4.985,-0.273,-0.1070,-4.38
815803,5.097,-0.285,-0.1099,-4.46
815823,5.225,-0.300,-0.1110,-4.56
815844,5.353,-0.314,-0.1156,-4.64
815863,5.481,-0.329,-0.1157,-4.65
815883,5.609,-0.344,-0.1155,-4.64
815903,5.721,-0.357,-0.1125,-4.58
815923,5.833,-0.369,-0.1137,-4.50
815943,5.961,-0.384,-0.1095,-4.47
815963,6.089,-0.398,-0.1092,-4.45
815983,6.218,-0.412,-0.1095,-4.44
816003,6.346,-0.426,-0.1098,-4.47
816027,6.490,-0.442,-0.1078,-4.49
816043,6.586,-0.452,-0.1116,-4.47
816063,6.714,-0.467,-0.1112,-4.43
816083,6.842,-0.481,-0.1061,-4.38
816103,6.970,-0.494,-0.1055,-4.28
816123,7.098,-0.508,-0.1056,-4.27
816143,7.211,-0.520,-0.1036,-4.28
816163,7.323,-0.532,-0.1060,-4.31
816183,7.467,-0.547,-0.1089,-4.36
816203,7.595,-0.561,-0.1093,-4.42
816224,7.723,-0.575,-0.1094,-4.44
816243,7.867,-0.591,-0.1077,-4.46
816263,8.011,-0.607,-0.1098,-4.48
816283,8.140,-0.621,-0.1102,-4.50
816305,8.268,-0.635,-0.1105,-4.52
816323,8.412,-0.651,-0.1128,-4.55
816344,8.556,-0.667,-0.1109,-4.57
816363,8.684,-0.681,-0.1112,-4.60
816383,8.828,-0.698,-0.1133,-4.62
816403,8.956,-0.712,-0.1135,-4.62
816423,9.100,-0.728,-0.1117,-4.64
816443,9.228,-0.743,-0.1121,-4.66
816463,9.372,-0.759,-0.1151,-4.73
816483,9.532,-0.778,-0.1156,-4.81
816503,9.660,-0.793,-0.1155,-4.84
816523,9.820,-0.811,-0.1165,-4.86
816543,9.964,-0.828,-0.1193,-4.95
816563,10.124,-0.847,-0.1193,-4.99
816583,10.284,-0.867,-0.1192,-4.99
816603,10.444,-0.886,-0.1189,-4.97
816623,10.604,-0.905,-0.1187,-4.97
816643,10.748,-0.922,-0.1160,-4.92
816663,10.892,-0.938,-0.1138,-4.88
816683,11.036,-0.955,-0.1159,-4.88
816703,11.196,-0.974,-0.1154,-4.87
816752,11.580,-1.018,-0.1140,-4.72
816763,11.629,-1.024,-0.1103,-4.56
816783,11.725,-1.034,-0.1103,-4.46
816803,11.869,-1.050,-0.1091,-4.54
816823,12.029,-1.068,-0.1083,-4.55
816844,12.173,-1.083,-0.1057,-4.47
816863,12.349,-1.102,-0.1024,-4.39
816883,12.478,-1.115,-0.1016,-4.29
816903,12.638,-1.131,-0.1014,-4.26
816927,12.798,-1.148,-0.1008,-4.23
816943,12.958,-1.164,-0.0998,-4.15
816964,13.103,-1.178,-0.0965,-4.05
816983,13.279,-1.195,-0.0929,-3.92
817003,13.423,-1.208,-0.0893,-3.78
817023,13.584,-1.223,-0.0880,-3.65
817043,13.744,-1.237,-0.0868,-3.54
817063,13.905,-1.250,-0.0820,-3.47
817083,14.065,-1.264,-0.0815,-3.43
817103,14.226,-1.277,-0.0819,-3.42
817123,14.387,-1.290,-0.0818,-3.43
817143,14.547,-1.303,-0.0812,-3.39
817163,14.708,-1.316,-0.0806,-3.34
817183,14.868,-1.329,-0.0798,-3.29
817203,15.013,-1.341,-0.0812,-3.22
817224,15.173,-1.354,-0.0760,-3.12
817243,15.334,-1.366,-0.0741,-2.97
817263,15.495,-1.377,-0.0683,-2.82
817283,15.656,-1.388,-0.0664,-2.67
817303,15.832,-1.400,-0.0633,-2.53
817325,15.961,-1.408,-0.0663,-2.46
817344,16.025,-1.413,-0.0652,-2.32
817363,16.074,-1.416,-0.0628,-2.27
817383,16.106,-1.418,-0.0626,-2.25
817403,16.106,-1.418,-0.0677,-2.30
817423,16.106,-1.418,-0.0686,-2.38
817443,16.106,-1.418,-0.0693,-2.45
817464,16.106,-1.418,-0.0694,-2.50
817483,16.106,-1.418,-0.0692,-2.49
817503,16.106,-1.418,-0.0688,-2.46
817523,16.106,-1.418,-0.0686,-2.43
817543,16.106,-1.418,-0.0687,-2.42
817563,16.106,-1.418,-0.0689,-2.43
817583,16.106,-1.418,-0.0691,-2.45
817603,16.106,-1.418,-0.0691,-2.46
817623,16.106,-1.418,-0.0691,-2.46
817643,16.106,-1.418,-0.0690,-2.45
817663,16.106,-1.418,-0.0689,-2.44
817683,16.106,-1.418,-0.0690,-2.44
817703,16.106,-1.418,-0.0690,-2.45
817723,16.106,-1.418,-0.0690,-2.45
817743,16.106,-1.418,-0.0690,-2.45
817763,16.106,-1.418,-0.0690,-2.45
817783,16.106,-1.418,-0.0690,-2.45
817803,16.106,-1.418,-0.0690,-2.45
817823,16.106,-1.418,-0.0690,-2.45
817844,16.106,-1.418,-0.0690,-2.45
817863,16.106,-1.418,-0.0690,-2.45
817891,16.106,-1.418,-0.0690,-2.45
817903,16.106,-1.418,-0.0691,-2.45
817923,16.106,-1.418,-0.0691,-2.46
817943,16.106,-1.418,-0.0691,-2.46
817964,16.106,-1.418,-0.0691,-2.46
817983,16.106,-1.418,-0.0691,-2.46
818003,16.106,-1.418,-0.0691,-2.46
818023,16.106,-1.418,-0.0692,-2.46
818043,16.106,-1.418,-0.0692,-2.46
818063,16.106,-1.418,-0.0692,-2.46
818083,16.106,-1.418,-0.0692,-2.46
818103,16.106,-1.418,-0.0692,-2.46
818123,16.106,-1.418,-0.0692,-2.46
818143,16.106,-1.418,-0.0692,-2.46
818163,16.106,-1.418,-0.0692,-2.47
818183,16.106,-1.418,-0.0692,-2.47
818203,16.106,-1.418,-0.0692,-2.47
818223,16.106,-1.418,-0.0692,-2.47
818243,16.106,-1.418,-0.0692,-2.47
818263,16.106,-1.418,-0.0692,-2.47
818283,16.106,-1.418,-0.0692,-2.47
818303,16.106,-1.418,-0.0692,-2.47
818324,16.041,-1.413,-0.0788,-2.48
818344,15.961,-1.406,-0.1126,-3.20
818363,15.961,-1.406,-0.1624,-4.47
818383,15.945,-1.403,-0.2272,-6.20
818403,15.930,-1.399,-0.3045,-8.32
818423,15.930,-1.399,-0.3998,-10.90
818443,15.930,-1.399,-0.5034,-13.98
818464,15.930,-1.399,-0.6209,-18.43
818483,15.930,-1.399,-0.7447,-22.37
818503,15.918,-1.387,-0.8710,-26.41
818523,15.899,-1.362,-1.0044,-30.47
818543,15.891,-1.348,-1.1471,-34.73
818563,15.891,-1.348,-1.2921,-39.09
818584,15.891,-1.348,-1.4436,-44.77
818603,15.890,-1.332,-1.6020,-49.41
818623,15.885,-1.380,-1.7609,-54.12
818643,15.885,-1.380,-1.9252,-58.92
818663,15.873,-1.409,-2.0948,-64.00
818683,15.864,-1.423,-2.2666,-69.13
818703,15.842,-1.446,-2.4378,-74.31
818723,15.816,-1.466,-2.6140,-80.92
818743,15.716,-1.517,-2.7901,-86.39
818763,15.639,-1.540,-2.9650,-92.08
818783,15.527,-1.554,-3.1430,-97.79
818803,15.382,-1.545,-3.3222,-103.53
818823,15.272,-1.519,-3.5024,-109.36
818844,15.170,-1.473,-3.6879,-116.75
818863,15.064,-1.399,-3.8764,-122.81
818883,14.863,-1.190,-4.0858,-128.83
818903,14.916,-1.271,-4.2478,-134.91
818923,14.878,-1.183,-4.4353,-140.88
818943,14.857,-1.088,-4.6246,-146.72
818964,14.855,-1.008,-4.8162,-153.87
818983,14.869,-0.928,-5.0054,-159.68
819003,14.897,-0.853,-5.1958,-165.26
819023,14.939,-0.784,-5.3848,-170.91
819043,15.004,-0.713,-5.5774,-176.51
819084,15.373,-0.487,-5.9525,-182.01
819089,15.800,-0.412,-6.3276,-184.74
819103,15.768,-0.409,-6.4731,-190.21
819123,15.830,-0.425,-6.6500,-195.84
819143,15.947,-0.478,-6.8377,-201.62
819163,16.092,-0.580,-7.0229,-207.65
819183,16.227,-0.719,-7.2109,-213.61
819203,16.315,-0.853,-7.4000,-219.71
819223,16.377,-1.002,-7.5895,-227.37
819243,16.419,-1.207,-7.7815,-233.56
819263,16.421,-1.352,-7.9689,-239.68
819283,16.390,-1.526,-8.1610,-245.84
819303,16.332,-1.676,-8.3506,-251.98
819325,16.239,-1.826,-8.5437,-258.24
819344,16.106,-1.967,-8.7444,-266.14
819363,15.962,-2.070,-8.9342,-272.56
819383,15.831,-2.131,-9.1254,-278.99
819403,15.643,-2.177,-9.3172,-285.41
819423,15.466,-2.185,-9.5108,-291.72
819443,15.291,-2.159,-9.7056,-298.17
819464,15.124,-2.099,-9.9004,-306.15
819483,14.945,-1.992,-10.1043,-312.67
819503,14.838,-1.894,-10.2947,-319.06
819523,14.732,-1.752,-10.4908,-325.60
819543,14.656,-1.592,-10.6892,-332.04
819563,14.617,-1.436,-10.8864,-338.47
819584,14.609,-1.259,-11.0845,-346.48
819603,14.641,-1.052,-11.2870,-352.89
819623,14.686,-0.931,-11.4803,-359.30
819643,14.761,-0.807,-11.6752,-365.81
819663,14.859,-0.700,-11.8740,-372.15
819683,14.989,-0.606,-12.0696,-378.56
819704,15.121,-0.545,-12.2641,-386.29
819723,15.246,-0.514,-12.4589,-392.25
819743,15.407,-0.507,-12.6544,-398.11
819763,15.534,-0.527,-12.8429,-403.92
819783,15.640,-0.564,-13.0359,-409.75
819803,15.915,-0.732,-13.2552,-415.52
819823,15.856,-0.677,-13.4225,-421.39
819843,15.934,-0.780,-13.6182,-428.72
819863,16.012,-0.939,-13.8080,-434.66
819883,16.050,-1.078,-13.9975,-440.58
819904,16.063,-1.239,-14.1866,-446.58
819923,16.044,-1.415,-14.3767,-452.66
819943,15.991,-1.584,-14.5650,-458.73
819964,15.923,-1.712,-14.7575,-466.53
819983,15.812,-1.849,-14.9553,-472.78
820003,15.713,-1.932,-15.1429,-479.15
820023,15.600,-1.994,-15.3376,-485.45
820043,15.477,-2.033,-15.5301,-491.69
820063,15.349,-2.048,-15.7233,-497.77
820084,15.237,-2.039,-15.9167,-505.26
820105,15.144,-2.013,-16.1114,-511.12
820123,15.029,-1.955,-16.3053,-516.98
820143,14.915,-1.865,-16.5049,-522.72
820163,14.894,-1.841,-16.6868,-528.42
820183,14.837,-1.744,-16.8804,-533.96
820204,14.795,-1.622,-17.0712,-540.78
820223,14.776,-1.495,-17.2639,-546.34
820243,14.786,-1.302,-17.4543,-552.13
820263,14.819,-1.161,-17.6401,-558.06
820283,14.905,-0.970,-17.8276,-564.13
820303,15.006,-0.824,-18.0148,-570.31
820325,15.156,-0.678,-18.2052,-576.36
820343,15.303,-0.580,-18.3961,-583.99
820363,15.482,-0.506,-18.5822,-590.13
820383,15.624,-0.476,-18.7697,-596.31
820403,15.801,-0.473,-18.9618,-602.51
820423,15.975,-0.503,-19.1528,-608.63
820443,16.141,-0.566,-19.3418,-614.84
820464,16.291,-0.659,-19.5360,-622.73
820483,16.433,-0.791,-19.7313,-628.99
820503,16.518,-0.908,-19.9204,-635.25
820523,16.594,-1.068,-20.1092,-641.52
820543,16.638,-1.240,-20.3012,-647.70
820563,16.649,-1.433,-20.4918,-653.94
820584,16.621,-1.640,-20.6842,-661.69
820603,16.565,-1.808,-20.8790,-668.04
820623,16.477,-1.962,-21.0718,-674.36
820643,16.372,-2.084,-21.2635,-680.65
820663,16.232,-2.193,-21.4572,-687.01
820683,16.031,-2.295,-21.6581,-693.32
820708,15.923,-2.326,-21.8418,-701.31
820723,15.682,-2.345,-22.0477,-707.53
820743,15.554,-2.331,-22.2313,-713.93
820763,15.431,-2.293,-22.4237,-720.29
820783,15.275,-2.209,-22.6168,-726.69
820803,15.151,-2.107,-22.8075,-732.95
820823,15.037,-1.971,-23.0005,-739.24
820843,14.976,-1.857,-23.1912,-746.80
820863,14.922,-1.689,-23.3836,-752.67
820883,14.907,-1.561,-23.5714,-758.27
820903,14.917,-1.432,-23.7608,-764.04
820923,14.950,-1.308,-23.9509,-769.80
820943,15.067,-1.060,-24.1188,-775.55
820964,15.230,-0.821,-24.2555,-781.96
820983,15.412,-0.616,-24.3670,-786.14
821003,15.567,-0.476,-24.4527,-789.39
821023,15.733,-0.347,-24.5187,-791.76
821043,15.893,-0.239,-24.5729,-793.53
821063,16.044,-0.147,-24.6127,-794.91
821084,16.171,-0.076,-24.6396,-796.04
821103,16.285,-0.016,-24.6561,-796.53
821123,16.357,0.021,-24.6674,-796.73
821143,16.400,0.042,-24.6733,-796.74
821163,16.429,0.057,-24.6780,-796.77
821183,16.429,0.057,-24.6779,-796.75
821204,16.429,0.057,-24.6778,-796.74
821244,16.414,0.049,-24.6758,-796.74
821249,16.400,0.042,-24.6737,-796.74
821263,16.400,0.042,-24.6737,-796.74
821283,16.400,0.042,-24.6737,-796.75
821303,16.400,0.042,-24.6737,-796.75
821325,16.400,0.042,-24.6737,-796.75
821343,16.400,0.042,-24.6737,-796.75
821363,16.400,0.042,-24.6737,-796.75
821383,16.400,0.042,-24.6737,-796.75
821403,16.400,0.042,-24.6737,-796.75
821423,16.400,0.042,-24.6737,-796.75
821443,16.400,0.042,-24.6737,-796.75
821463,16.400,0.042,-24.6737,-796.75
821483,16.400,0.042,-24.6737,-796.75
821503,16.400,0.042,-24.6737,-796.75
821523,16.400,0.042,-24.6737,-796.75
821543,16.400,0.042,-24.6737,-796.75
821563,16.400,0.042,-24.6737,-796.75
821584,16.400,0.042,-24.6737,-796.75
821603,16.400,0.042,-24.6737,-796.75
821623,16.400,0.042,-24.6737,-796.75
821649,16.400,0.042,-24.6737,-796.75
821663,16.400,0.042,-24.6737,-796.75
821683,16.400,0.042,-24.6737,-796.75
821704,16.400,0.042,-24.6737,-796.75
821723,16.400,0.042,-24.6737,-796.75
821743,16.400,0.042,-24.6737,-796.75
821763,16.400,0.042,-24.6737,-796.75
821783,16.400,0.042,-24.6737,-796.75
821803,16.400,0.042,-24.6737,-796.75
821824,16.400,0.042,-24.6737,-796.75
821843,16.400,0.042,-24.6737,-796.75
821863,16.400,0.042,-24.6737,-796.75
821883,16.400,0.042,-24.6737,-796.75
821903,16.400,0.042,-24.6737,-796.75
821923,16.400,0.042,-24.6737,-796.75
821943,16.400,0.042,-24.6737,-796.75
821963,16.400,0.042,-24.6740,-796.76
821983,16.501,0.092,-24.6742,-796.88
822003,16.660,0.171,-24.6699,-797.14
822023,16.818,0.251,-24.6616,-797.04
822043,16.976,0.332,-24.6592,-796.93
822063,17.191,0.442,-24.6565,-796.89
822083,17.449,0.575,-24.6568,-796.90
822103,17.663,0.685,-24.6591,-796.94
822123,17.907,0.811,-24.6575,-796.99
822143,18.165,0.943,-24.6584,-797.09
822163,18.423,1.076,-24.6584,-797.13
822183,18.681,1.208,-24.6583,-797.14
822204,18.953,1.348,-24.6600,-797.12
822223,19.226,1.487,-24.6627,-797.15
822243,19.484,1.619,-24.6589,-797.23
822263,19.771,1.766,-24.6583,-797.23
822283,20.043,1.906,-24.6555,-797.15
822303,20.301,2.039,-24.6553,-797.13
822326,20.601,2.194,-24.6574,-797.15
822343,20.888,2.342,-24.6527,-797.13
822363,21.159,2.484,-24.6539,-797.05
822383,21.460,2.640,-24.6519,-797.01
822403,21.745,2.789,-24.6513,-797.01
822423,22.031,2.938,-24.6516,-796.97
822444,22.345,3.102,-24.6517,-797.02
822463,22.659,3.266,-24.6517,-797.03
822483,22.959,3.422,-24.6538,-797.03
822503,23.259,3.579,-24.6517,-797.05
822523,23.632,3.771,-24.6591,-796.99
822543,23.903,3.912,-24.6478,-796.93
822563,24.202,4.070,-24.6437,-796.81
822584,24.529,4.244,-24.6418,-796.72
822603,24.842,4.411,-24.6417,-796.72
822623,25.155,4.579,-24.6405,-796.67
822643,25.495,4.761,-24.6400,-796.61
822663,25.808,4.929,-24.6383,-796.51
822683,26.148,5.113,-24.6325,-796.38
822704,26.473,5.291,-24.6273,-796.10
822723,26.811,5.478,-24.6261,-795.91
822743,27.149,5.667,-24.6217,-795.89
822763,27.472,5.848,-24.6173,-795.77
822783,27.808,6.039,-24.6158,-795.59
822803,28.144,6.230,-24.6150,-795.55
822824,28.494,6.430,-24.6114,-795.39
822843,28.815,6.615,-24.6094,-795.35
822863,29.164,6.816,-24.6068,-795.34
822883,29.512,7.018,-24.6090,-795.32
822903,29.833,7.204,-24.6069,-795.35
822923,30.181,7.406,-24.6046,-795.35
822944,30.529,7.609,-24.6061,-795.30
822963,30.878,7.812,-24.6041,-795.27
822983,31.226,8.015,-24.6076,-795.40
823003,31.574,8.217,-24.6058,-795.45
823023,31.908,8.411,-24.6063,-795.52
823043,32.270,8.622,-24.6070,-795.59
823063,32.618,8.824,-24.6053,-795.65
823083,32.980,9.035,-24.6047,-795.65
823103,33.343,9.246,-24.6107,-795.73
823123,33.692,9.447,-24.6105,-795.94
823143,34.055,9.655,-24.6139,-795.97
823163,34.419,9.863,-24.6141,-795.94
823183,34.811,10.086,-24.6146,-795.98
823203,35.175,10.294,-24.6147,-796.03
823223,35.566,10.517,-24.6147,-796.05
823243,35.930,10.725,-24.6152,-796.09
823263,36.294,10.932,-24.6161,-796.13
823283,36.659,11.139,-24.6176,-796.26
823303,37.051,11.361,-24.6181,-796.36
823325,37.430,11.575,-24.6203,-796.42
823348,37.795,11.780,-24.6202,-796.42
823363,38.203,12.008,-24.6271,-796.45
823383,38.555,12.204,-24.6224,-796.53
823403,38.934,12.417,-24.6215,-796.68
823445,39.879,12.938,-24.6380,-796.84
823450,40.833,13.444,-24.6546,-796.92
823463,41.090,13.578,-24.6513,-797.06
823483,41.319,13.698,-24.6479,-797.10
823503,41.632,13.863,-24.6455,-797.20
823523,42.030,14.075,-24.6459,-797.36
823543,42.430,14.285,-24.6520,-797.40
823563,42.787,14.471,-24.6550,-797.61
823583,43.159,14.663,-24.6549,-797.62
823603,43.560,14.871,-24.6555,-797.65
823623,43.946,15.070,-24.6577,-797.68
823643,44.333,15.270,-24.6554,-797.70
823663,44.733,15.477,-24.6547,-797.69
823683,45.134,15.684,-24.6540,-797.60
823704,45.549,15.900,-24.6507,-797.57
823723,45.948,16.109,-24.6491,-797.43
823743,46.348,16.319,-24.6476,-797.30
823763,46.746,16.530,-24.6412,-797.16
823783,47.158,16.751,-24.6371,-796.94
823803,47.540,16.959,-24.6347,-796.91
823824,47.951,17.182,-24.6309,-796.76
823843,48.360,17.407,-24.6282,-796.67
823863,48.755,17.625,-24.6273,-796.61
823883,49.164,17.852,-24.6234,-796.49
823903,49.571,18.080,-24.6196,-796.32
823923,49.978,18.310,-24.6161,-796.21
823944,50.370,18.534,-24.6100,-796.02
823963,50.802,18.784,-24.6071,-795.90
823983,51.206,19.018,-24.6028,-795.77
824003,51.596,19.247,-24.6006,-795.56
824023,51.998,19.484,-24.5975,-795.46
824043,52.413,19.731,-24.5907,-795.30
824064,52.827,19.981,-24.5879,-795.00
824083,53.240,20.232,-24.5807,-794.76
824103,53.652,20.486,-24.5781,-794.50
824123,54.062,20.741,-24.5713,-794.30
824143,54.471,20.999,-24.5641,-794.05
824163,54.891,21.269,-24.5596,-793.79
824184,55.363,21.577,-24.5465,-793.58
824204,55.713,21.808,-24.5480,-793.29
824223,56.116,22.075,-24.5461,-793.10
824243,56.518,22.343,-24.5391,-792.92
824263,56.931,22.623,-24.5334,-792.61
824283,57.343,22.906,-24.5244,-792.32
824303,57.753,23.192,-24.5195,-792.08
824325,58.161,23.480,-24.5143,-791.76
824343,58.580,23.780,-24.5072,-791.49
824363,58.971,24.063,-24.5005,-791.28
824383,59.374,24.359,-24.4957,-791.03
824403,59.775,24.656,-24.4909,-790.79
824423,60.175,24.956,-24.4871,-790.58
824444,60.574,25.257,-24.4837,-790.45
824463,60.984,25.569,-24.4772,-790.29
824483,61.379,25.874,-24.4731,-790.10
824503,61.800,26.200,-24.4742,-790.02
824523,62.182,26.496,-24.4691,-789.93
824543,62.587,26.815,-24.4626,-789.81
824564,62.991,27.135,-24.4610,-789.61
824583,63.382,27.446,-24.4564,-789.44
824603,63.784,27.769,-24.4555,-789.27
824623,64.173,28.082,-24.4517,-789.18
824643,64.560,28.397,-24.4492,-789.06
824663,64.960,28.724,-24.4440,-789.04
824683,65.358,29.051,-24.4417,-788.90
824703,65.755,29.380,-24.4415,-788.79
824723,66.152,29.709,-24.4392,-788.68
824743,66.536,30.028,-24.4356,-788.53
824763,66.930,30.360,-24.4288,-788.34
824783,67.335,30.705,-24.4260,-788.20
824803,67.727,31.040,-24.4246,-788.15
824823,68.119,31.375,-24.4242,-788.04
824843,68.523,31.720,-24.4261,-788.02
824863,68.915,32.056,-24.4200,-787.95
824883,69.317,32.403,-24.4204,-787.81
824903,69.707,32.740,-24.4181,-787.61
824923,70.109,33.089,-24.4139,-787.45
824944,70.508,33.440,-24.4103,-787.25
824963,70.907,33.792,-24.4058,-787.08
824983,71.304,34.145,-24.4013,-786.86
825008,71.699,34.501,-24.3975,-786.72
825023,72.118,34.879,-24.3975,-786.55
825043,72.512,35.236,-24.3940,-786.42
825064,72.880,35.573,-24.3850,-786.14
825083,73.269,35.935,-24.3815,-785.98
825103,73.670,36.309,-24.3796,-785.84
825123,74.057,36.673,-24.3763,-785.72
825143,74.444,37.039,-24.3721,-785.56
825163,74.840,37.416,-24.3696,-785.38
825184,75.236,37.796,-24.3637,-785.13
825203,75.640,38.188,-24.3590,-784.94
825223,76.032,38.571,-24.3576,-784.77
825243,76.400,38.932,-24.3550,-784.61
825263,76.779,39.305,-24.3509,-784.41
825283,77.168,39.691,-24.3481,-784.26
825303,77.543,40.067,-24.3443,-784.04
825325,77.929,40.457,-24.3380,-783.84
825343,78.302,40.836,-24.3378,-783.65
825363,78.674,41.216,-24.3330,-783.43
825383,79.044,41.597,-24.3295,-783.29
825403,79.423,41.992,-24.3237,-783.18
825423,79.801,42.389,-24.3209,-782.97
825444,80.167,42.775,-24.3187,-782.80
825463,80.565,43.197,-24.3164,-782.70
825483,80.929,43.584,-24.3123,-782.50
825503,81.313,43.997,-24.3087,-782.39
825523,81.685,44.399,-24.3068,-782.23
825543,82.067,44.814,-24.3022,-782.09
825564,82.436,45.219,-24.2994,-781.75
825606,83.360,46.230,-24.3039,-781.55
825611,84.289,47.236,-24.3089,-781.49
825623,84.529,47.497,-24.3013,-781.31
825643,84.745,47.736,-24.2848,-781.00
825663,85.032,48.063,-24.2731,-780.56
825684,85.367,48.455,-24.2648,-780.01
825703,85.742,48.897,-24.2666,-780.02
825723,86.087,49.302,-24.2673,-780.02
825743,86.390,49.658,-24.2653,-779.97
825763,86.733,50.064,-24.2635,-779.99
825783,87.076,50.470,-24.2598,-779.95
825803,87.428,50.890,-24.2601,-779.85
825823,87.780,51.310,-24.2612,-780.01
825843,88.143,51.741,-24.2640,-780.08
825863,88.466,52.122,-24.2663,-780.15
825883,88.821,52.539,-24.2656,-780.14
825903,89.166,52.944,-24.2681,-780.13
825923,89.521,53.361,-24.2673,-780.16
825943,89.876,53.778,-24.2659,-780.03
825963,90.158,54.110,-24.2661,-779.89
825983,90.387,54.380,-24.2645,-779.72
826003,90.564,54.589,-24.2617,-779.63
826023,90.730,54.786,-24.2608,-779.56
826043,90.855,54.934,-24.2601,-779.48
826064,90.948,55.045,-24.2575,-779.42
826083,91.010,55.120,-24.2568,-779.36
826103,91.041,55.157,-24.2583,-779.30
826123,91.051,55.169,-24.2557,-779.25
826143,91.051,55.169,-24.2558,-779.25
826163,91.051,55.169,-24.2558,-779.25
826184,91.051,55.169,-24.2558,-779.25
826203,91.051,55.169,-24.2558,-779.25
826223,91.051,55.169,-24.2558,-779.25
826243,91.051,55.169,-24.2558,-779.25
826263,91.051,55.169,-24.2558,-779.25
826283,91.051,55.169,-24.2558,-779.25
826304,91.051,55.169,-24.2558,-779.25
826324,91.051,55.169,-24.2558,-779.25
826343,91.051,55.169,-24.2558,-779.25
826363,91.051,55.169,-24.2558,-779.25
826383,91.051,55.169,-24.2558,-779.25
826403,91.051,55.169,-24.2558,-779.25
826423,91.051,55.169,-24.2558,-779.25
826443,91.051,55.169,-24.2558,-779.25
826463,91.051,55.169,-24.2558,-779.25
826483,91.051,55.169,-24.2558,-779.25
826503,91.051,55.169,-24.2558,-779.25
826523,91.051,55.169,-24.2558,-779.25
826543,91.051,55.169,-24.2558,-779.25
826563,91.051,55.169,-24.2558,-779.25
826583,91.051,55.169,-24.2558,-779.25
826603,91.051,55.169,-24.2558,-779.25
826623,91.051,55.169,-24.2558,-779.25
826643,91.051,55.169,-24.2558,-779.25
826663,91.051,55.169,-24.2558,-779.25
826684,91.051,55.169,-24.2558,-779.25
826703,91.051,55.169,-24.2558,-779.25
826723,91.051,55.169,-24.2558,-779.25
826743,91.051,55.169,-24.2558,-779.25
826763,91.051,55.169,-24.2558,-779.25
826783,91.051,55.169,-24.2558,-779.25
826804,91.051,55.169,-24.2558,-779.25
826823,91.051,55.169,-24.2559,-779.25
826850,91.051,55.169,-24.2559,-779.25
826863,91.051,55.169,-24.2559,-779.25
826883,91.051,55.169,-24.2559,-779.25
826903,91.051,55.169,-24.2559,-779.25
